S077,蓮池夕加里,はすいけゆかり,女,012E44A7A5159335,出席
S089,八下田駿佑,やげたしゅんすけ,男,012E44A7A51832AB,出席
S069,中妻潔志,なかつまきよし,男,012E44A7A5188329,出席
S004,荒松晴一,あらまつせいいち,男,012E44A7A518807A,出席
S002,揚村巴絵,あげむらともえ,女,012E44A7A518527D,出席
S083,樋爪顕治,ひづめけんじ,男,012E44A7A5182058,出席
S055,滝田俊明,たきたとしあき,男,012E44A7A5155770,出席
S034,城崎成寿,きざきなりひさ,男,012E44A7A518712C,出席
S014,入澤結香,いりさわゆいか,女,012E44A7A5156A5A,出席
S022,大舘俊幸,おおだてとしゆき,男,012E44A7A5123042,出席
S086,深野木茂則,ふかのきしげのり,男,012E44A7A518AB94,出席
S070,中松光一,なかまつこういち,男,012E44A7A515305C,出席
S060,鄭健一郎,ちょんけんいちろう,男,012E44A7A515235C,出席
S076,波佐間敬次,はざまけいじ,男,012E44A7A5157E58,出席
S041,久保西敏憲,くぼにしとしのり,男,012E44A7A515317D,出席
S036,木野大右,きのだいすけ,男,012E44A7A5185BA4,出席
S025,岡松慎一郎,おかまつしんいちろう,男,012E44A7A5185F32,出席
S065,戸津崎礼央奈,とつざきれおな,女,012E44A7A515A494,出席
S035,貴下紗侑里,きしたさゆり,女,012E44A7A5187159,出席
S066,友藤竜治,ともふじりゅうじ,男,012E44A7A5188758,出席
S023,大野貴暁,おおのたかあき,男,012E44A7A5123C39,出席
S047,佐中将幸,さなかまさゆき,男,012E44A7A5152584,出席
S042,古岩井忠利,こいわいただとし,男,012E44A7A5116953,出席
S007,池澄晃樹,いけずみこうき,男,012E44A7A5158B31,出席
S013,井内早絵子,いないさえこ,女,012E44A7A5157F61,出席
S090,八武崎榛菜,やぶさきはるな,女,012E44A7A518A145,出席
S006,飯坂新司,いいざかしんじ,男,012E44A7A515A75C,出席
